https://blog.never.pet/2019/05/31/Nano%20Pi%20NEO2%20%E4%BD%93%E9%AA%8C%E5%B0%8F%E8%AE%B0/,https://blog.never.pet/2019/05/31/nano-pi-neo2-first-experience 
https://blog.never.pet/2019/03/27/ripe%20probe%20hosting/,https://blog.never.pet/2019/03/27/ripe-probe-hosting 
https://blog.never.pet/2019/03/20/%E4%BA%91%E6%B8%B8%E6%88%8F%EF%BC%9A%E7%94%9F%E4%B8%8D%E9%80%A2%E6%97%B6/,https://blog.never.pet/2019/03/20/my-thought-about-cloud-game-before 
https://blog.never.pet/2019/03/08/telegram%20web%20%E6%90%AD%E5%BB%BA/,https://blog.never.pet/2019/03/08/telegram-web-hosting 
https://blog.never.pet/2019/02/08/tasker-messenger/,https://blog.never.pet/2019/02/08/tasker-messenger 
https://blog.never.pet/2019/03/27/%E7%A9%BA%E6%A0%BC%E4%B8%8E%E7%A9%BA%20%E6%A0%BC/,https://blog.never.pet/2019/03/27/space-and-s-p-a-c-e 
https://blog.never.pet/2018/12/15/%E5%A6%82%E4%BD%95%E7%A7%91%E5%AD%A6%E7%9A%84%E7%BB%99%E6%9C%BA%E5%99%A8%E4%BA%BA%E6%8A%95%E9%A3%9F/,https://blog.never.pet/2018/12/15/how-to-feed-a-robot 
https://blog.never.pet/2018/11/25/%E5%9C%A8%E6%A0%91%E8%8E%93%E6%B4%BE%E4%B8%8A%E6%B7%BB%E5%8A%A0%E8%B0%B7%E6%AD%8C%E4%BA%91%E6%89%93%E5%8D%B0/,https://blog.never.pet/2018/11/25/add-google-cloud-printer-on-respi 
https://blog.never.pet/2018/10/11/%E5%86%8D%E4%B8%80%E6%AC%A1%E8%BF%81%E7%A7%BB%E5%8D%9A%E5%AE%A2/,https://blog.never.pet/2018/10/11/moving-my-blog-1 
https://blog.never.pet/2018/09/11/%E7%94%A8telegram%E5%81%9A%E5%9B%BE%E5%BA%8A/,https://blog.never.pet/2018/09/11/use-telegram-for-image-cdn 
https://blog.never.pet/2018/09/11/%E7%94%A8%20ss-redir%20%E5%81%9A%E5%9B%BD%E5%86%85%E4%B8%AD%E7%BB%A7/,https://blog.never.pet/2018/09/11/build-a-rediretcor-with-ss-redir 
https://blog.never.pet/2018/07/27/rancher%20v1.6%20%E8%B4%9F%E8%BD%BD%E5%9D%87%E8%A1%A1%E6%8A%98%E8%85%BE%E5%B0%8F%E8%AE%B0/,https://blog.never.pet/2018/07/27/rancher-v1.6-loadbalancer 
https://blog.never.pet/2018/07/26/caddy%20%E5%8F%8D%E4%BB%A3%E6%97%B6%E6%B3%A8%E6%84%8F%E7%9A%84%E5%B0%8F%E5%9C%B0%E6%96%B9/,https://blog.never.pet/2020/05/16/moving-my-blog-2 
https://blog.never.pet/2018/07/26/gdgdocs%20%E9%A1%B9%E7%9B%AE%E8%87%AA%E5%BB%BA/,https://blog.never.pet/2018/07/26/build-your-own-gdgdocs 
https://blog.never.pet/2018/06/20/proxmox%20rpcbind%20%E7%9A%84%E5%B0%8F%E9%97%AE%E9%A2%98/,https://blog.never.pet/2018/06/20/proxmox-rpcbind-ddos 
https://blog.never.pet/2018/06/18/%E5%85%B3%E4%BA%8E%20cnblacklistr%20%E9%A1%B9%E7%9B%AE%E7%9A%84%E4%BA%A4%E6%8E%A5/,https://blog.never.pet/2018/06/18/about-CNBlackListR-project 
https://blog.never.pet/2018/06/15/proxmox%20%E5%BC%80%20nat%20%E5%B0%8F%E9%B8%A1/,https://blog.never.pet/2018/06/15/proxmox-nat 
https://blog.never.pet/2018/01/31/%E6%8A%98%E8%85%BE%E4%BA%86%E4%B8%80%E4%B8%8Bcups%EF%BC%8Cngrok%EF%BC%8C%E8%BF%98%E6%9C%89%E4%B8%80%E5%8F%B0%E4%B9%B0%E4%BA%86%E5%BE%88%E4%B9%85%E7%9A%84%E5%8D%A0%E7%BE%8E%E5%B0%8F%E4%B8%BB%E6%9C%BA/,https://blog.never.pet/2018/01/31/cups-ngrok-and-a-little-machine 
https://blog.never.pet/2019/05/10/gcp%E5%92%8Ciptables/,https://blog.never.pet/2020/05/16/moving-my-blog-2 
https://blog.never.pet/2018/11/09/%E6%9B%B4%E6%96%B0docker%20in%20lxc/,https://blog.never.pet/2020/05/16/moving-my-blog-2 
"https://blog.never.pet/2018/09/12/Bye,%20Mweb/",https://blog.never.pet/2020/05/16/moving-my-blog-2 
https://blog.never.pet/2018/07/26/%E5%81%9A%E4%B8%80%E4%B8%AA%20docker%20registry/,https://blog.never.pet/2020/05/16/moving-my-blog-2 
https://blog.never.pet/2018/07/26/%E7%BB%88%E7%AB%AF%20clear%20screen/,https://blog.never.pet/2020/05/16/moving-my-blog-2 
https://blog.never.pet/2019/02/28/%E5%A4%B4%E5%83%8F%EF%BC%8C%E4%B8%AA%E4%BA%BA%E4%B8%BB%E9%A1%B5%E5%92%8Capi/,https://blog.never.pet/2020/05/16/moving-my-blog-2 
https://blog.never.pet/2018/06/18/%E4%B8%BA%20uptimerobot%20%E8%87%AA%E5%AE%9A%E4%B9%89%E9%A1%B5%E9%9D%A2/,https://blog.never.pet/2020/05/16/moving-my-blog-2 
https://blog.never.pet/2018/06/18/%E4%BB%8E%20owncloud%20%E8%BF%81%E7%A7%BB/,https://blog.never.pet/2020/05/16/moving-my-blog-2 
https://blog.never.pet/2018/06/18/%E4%B8%B4%E8%A1%8C%E5%89%8D%E7%9A%84%E7%A2%8E%E7%A2%8E%E5%BF%B5%20%7C%20%E5%8D%8E%E9%99%84%E5%9B%BD%E9%99%85%E9%83%A8%20%E3%80%90%E6%9C%AA%E5%AE%8C%E6%88%90%E3%80%91/,https://blog.never.pet/2020/05/16/moving-my-blog-2 
https://blog.never.pet/2018/06/18/%E6%B4%BB%E7%9D%80%E6%9C%AC%E6%B2%A1%E6%9C%89%E6%84%8F%E4%B9%89%EF%BC%8C%E6%83%B3%E7%9A%84%E4%BA%BA%E5%A4%9A%E4%BA%86%EF%BC%8C%E4%BE%BF%E6%9C%89%E4%BA%86%E6%84%8F%E4%B9%89%20%E3%80%90%E6%9C%AA%E5%AE%8C%E6%88%90%E3%80%91/,https://blog.never.pet/2020/05/16/moving-my-blog-2 
https://blog.never.pet/2018/06/15/rancher%20%E8%BF%81%E7%A7%BB/,https://blog.never.pet/2020/05/16/moving-my-blog-2 
https://blog.never.pet/2018/05/24/mweb%20%E7%9A%84%20bug/,https://blog.never.pet/2020/05/16/moving-my-blog-2 
https://blog.never.pet/2018/05/23/%E6%8A%8A%20whatip%20%E8%BF%81%E7%A7%BB%E5%88%B0%20firebase/,https://blog.never.pet/2020/05/16/moving-my-blog-2 
https://blog.never.pet/2018/05/23/%E5%85%B3%E4%BA%8E%E6%96%87%E7%AB%A0%E7%9A%84%E8%AF%B4%E6%98%8E/,https://blog.never.pet/2020/05/16/moving-my-blog-2 
https://blog.never.pet/2018/05/21/%E5%AD%A6%E7%94%9F%E4%BA%8B%E6%95%85%20%7C%20%E5%AD%A6%E4%BC%9A%E6%97%A0%E7%9F%A5%EF%BC%8C%E4%BF%9D%E6%8C%81%E8%BF%B7%E8%8C%AB/,https://blog.never.pet/2018/05/21/my-really-silly-article
https://blog.never.pet/2018/05/16/oracle%20download/,https://blog.never.pet/2020/05/16/moving-my-blog-2 
https://blog.never.pet/2018/01/31/tengine+verynginx%E5%88%9D%E6%8E%A2/,https://blog.never.pet/2020/05/16/moving-my-blog-2 
https://blog.never.pet/2017/12/22/%E8%AE%B0%E6%9C%80%E5%90%8E%E4%B8%80%E6%AC%A1%E7%9A%84%E5%9C%A3%E8%AF%9E%E8%8A%82/,https://blog.never.pet/2020/05/16/moving-my-blog-2 